[
{
  "model": "admin.logentry",
  "pk": 9,
  "fields": {
    "action_time": "2024-09-28T06:50:04.088Z",
    "user": 26,
    "content_type": 4,
    "object_id": "9",
    "object_repr": "supervisor1",
    "action_flag": 2,
    "change_message": "[{\"changed\": {\"fields\": [\"password\"]}}]"
  }
},
{
  "model": "auth.permission",
  "pk": 1,
  "fields": {
    "name": "Can add log entry",
    "content_type": 1,
    "codename": "add_logentry"
  }
},
{
  "model": "auth.permission",
  "pk": 2,
  "fields": {
    "name": "Can change log entry",
    "content_type": 1,
    "codename": "change_logentry"
  }
},
{
  "model": "auth.permission",
  "pk": 3,
  "fields": {
    "name": "Can delete log entry",
    "content_type": 1,
    "codename": "delete_logentry"
  }
},
{
  "model": "auth.permission",
  "pk": 4,
  "fields": {
    "name": "Can view log entry",
    "content_type": 1,
    "codename": "view_logentry"
  }
},
{
  "model": "auth.permission",
  "pk": 5,
  "fields": {
    "name": "Can add permission",
    "content_type": 2,
    "codename": "add_permission"
  }
},
{
  "model": "auth.permission",
  "pk": 6,
  "fields": {
    "name": "Can change permission",
    "content_type": 2,
    "codename": "change_permission"
  }
},
{
  "model": "auth.permission",
  "pk": 7,
  "fields": {
    "name": "Can delete permission",
    "content_type": 2,
    "codename": "delete_permission"
  }
},
{
  "model": "auth.permission",
  "pk": 8,
  "fields": {
    "name": "Can view permission",
    "content_type": 2,
    "codename": "view_permission"
  }
},
{
  "model": "auth.permission",
  "pk": 9,
  "fields": {
    "name": "Can add group",
    "content_type": 3,
    "codename": "add_group"
  }
},
{
  "model": "auth.permission",
  "pk": 10,
  "fields": {
    "name": "Can change group",
    "content_type": 3,
    "codename": "change_group"
  }
},
{
  "model": "auth.permission",
  "pk": 11,
  "fields": {
    "name": "Can delete group",
    "content_type": 3,
    "codename": "delete_group"
  }
},
{
  "model": "auth.permission",
  "pk": 12,
  "fields": {
    "name": "Can view group",
    "content_type": 3,
    "codename": "view_group"
  }
},
{
  "model": "auth.permission",
  "pk": 13,
  "fields": {
    "name": "Can add user",
    "content_type": 4,
    "codename": "add_user"
  }
},
{
  "model": "auth.permission",
  "pk": 14,
  "fields": {
    "name": "Can change user",
    "content_type": 4,
    "codename": "change_user"
  }
},
{
  "model": "auth.permission",
  "pk": 15,
  "fields": {
    "name": "Can delete user",
    "content_type": 4,
    "codename": "delete_user"
  }
},
{
  "model": "auth.permission",
  "pk": 16,
  "fields": {
    "name": "Can view user",
    "content_type": 4,
    "codename": "view_user"
  }
},
{
  "model": "auth.permission",
  "pk": 17,
  "fields": {
    "name": "Can add content type",
    "content_type": 5,
    "codename": "add_contenttype"
  }
},
{
  "model": "auth.permission",
  "pk": 18,
  "fields": {
    "name": "Can change content type",
    "content_type": 5,
    "codename": "change_contenttype"
  }
},
{
  "model": "auth.permission",
  "pk": 19,
  "fields": {
    "name": "Can delete content type",
    "content_type": 5,
    "codename": "delete_contenttype"
  }
},
{
  "model": "auth.permission",
  "pk": 20,
  "fields": {
    "name": "Can view content type",
    "content_type": 5,
    "codename": "view_contenttype"
  }
},
{
  "model": "auth.permission",
  "pk": 21,
  "fields": {
    "name": "Can add session",
    "content_type": 6,
    "codename": "add_session"
  }
},
{
  "model": "auth.permission",
  "pk": 22,
  "fields": {
    "name": "Can change session",
    "content_type": 6,
    "codename": "change_session"
  }
},
{
  "model": "auth.permission",
  "pk": 23,
  "fields": {
    "name": "Can delete session",
    "content_type": 6,
    "codename": "delete_session"
  }
},
{
  "model": "auth.permission",
  "pk": 24,
  "fields": {
    "name": "Can view session",
    "content_type": 6,
    "codename": "view_session"
  }
},
{
  "model": "auth.permission",
  "pk": 25,
  "fields": {
    "name": "Can add user profile",
    "content_type": 7,
    "codename": "add_userprofile"
  }
},
{
  "model": "auth.permission",
  "pk": 26,
  "fields": {
    "name": "Can change user profile",
    "content_type": 7,
    "codename": "change_userprofile"
  }
},
{
  "model": "auth.permission",
  "pk": 27,
  "fields": {
    "name": "Can delete user profile",
    "content_type": 7,
    "codename": "delete_userprofile"
  }
},
{
  "model": "auth.permission",
  "pk": 28,
  "fields": {
    "name": "Can view user profile",
    "content_type": 7,
    "codename": "view_userprofile"
  }
},
{
  "model": "auth.permission",
  "pk": 29,
  "fields": {
    "name": "Can add supervisor",
    "content_type": 8,
    "codename": "add_supervisor"
  }
},
{
  "model": "auth.permission",
  "pk": 30,
  "fields": {
    "name": "Can change supervisor",
    "content_type": 8,
    "codename": "change_supervisor"
  }
},
{
  "model": "auth.permission",
  "pk": 31,
  "fields": {
    "name": "Can delete supervisor",
    "content_type": 8,
    "codename": "delete_supervisor"
  }
},
{
  "model": "auth.permission",
  "pk": 32,
  "fields": {
    "name": "Can view supervisor",
    "content_type": 8,
    "codename": "view_supervisor"
  }
},
{
  "model": "auth.permission",
  "pk": 33,
  "fields": {
    "name": "Can add officer",
    "content_type": 9,
    "codename": "add_officer"
  }
},
{
  "model": "auth.permission",
  "pk": 34,
  "fields": {
    "name": "Can change officer",
    "content_type": 9,
    "codename": "change_officer"
  }
},
{
  "model": "auth.permission",
  "pk": 35,
  "fields": {
    "name": "Can delete officer",
    "content_type": 9,
    "codename": "delete_officer"
  }
},
{
  "model": "auth.permission",
  "pk": 36,
  "fields": {
    "name": "Can view officer",
    "content_type": 9,
    "codename": "view_officer"
  }
},
{
  "model": "auth.user",
  "pk": 9,
  "fields": {
    "password": "pbkdf2_sha256$870000$9cHUV9yyA10rnuoNY2EVLF$W3lNbZZZqQOACgY3h73tQYM+l1ham9GlwQBYFUOcgVw=",
    "last_login": "2024-09-28T06:50:59.383Z",
    "is_superuser": false,
    "username": "supervisor1",
    "first_name": "Supervisor1",
    "last_name": "Supervisor",
    "email": "supervisor1@example.com",
    "is_staff": true,
    "is_active": true,
    "date_joined": "2024-01-01T00:00:00Z",
    "groups": [],
    "user_permissions": []
  }
},
{
  "model": "auth.user",
  "pk": 10,
  "fields": {
    "password": "pbkdf2_sha256$870000$qMXZUn52jYT3nDuXr646Ab$riBC9BsGrwYt4rxWejyPnQdfDO5I7AtrILXKqzwnmb4=",
    "last_login": null,
    "is_superuser": false,
    "username": "supervisor2",
    "first_name": "Supervisor2",
    "last_name": "Supervisor",
    "email": "supervisor2@example.com",
    "is_staff": true,
    "is_active": true,
    "date_joined": "2024-01-01T00:00:00Z",
    "groups": [],
    "user_permissions": []
  }
},
{
  "model": "auth.user",
  "pk": 11,
  "fields": {
    "password": "pbkdf2_sha256$870000$ul1cUBjVCmCEVPOHmNmIX6$hH7dyK1DzCjfguM5lUxTU9wWa+cHPS3VINBKR1dDTtY=",
    "last_login": null,
    "is_superuser": false,
    "username": "officer1",
    "first_name": "Officer1",
    "last_name": "Officer",
    "email": "officer1@example.com",
    "is_staff": false,
    "is_active": true,
    "date_joined": "2024-01-01T00:00:00Z",
    "groups": [],
    "user_permissions": []
  }
},
{
  "model": "auth.user",
  "pk": 12,
  "fields": {
    "password": "pbkdf2_sha256$870000$9J4PbVxX2mCDti8hjtcIJX$JSF7RL+7JxMLsmLBg4vNf11JYafauC+7hl7+GNfaGhU=",
    "last_login": null,
    "is_superuser": false,
    "username": "officer2",
    "first_name": "Officer2",
    "last_name": "Officer",
    "email": "officer2@example.com",
    "is_staff": false,
    "is_active": true,
    "date_joined": "2024-01-01T00:00:00Z",
    "groups": [],
    "user_permissions": []
  }
},
{
  "model": "auth.user",
  "pk": 13,
  "fields": {
    "password": "pbkdf2_sha256$870000$AJUb23mmRDv7AsxEf6WgKq$XYNbtOBOIm3FxRYogq/n9sGdgz+n4+YAuhDKvDBPME4=",
    "last_login": null,
    "is_superuser": false,
    "username": "officer3",
    "first_name": "Officer3",
    "last_name": "Officer",
    "email": "officer3@example.com",
    "is_staff": false,
    "is_active": true,
    "date_joined": "2024-01-01T00:00:00Z",
    "groups": [],
    "user_permissions": []
  }
},
{
  "model": "auth.user",
  "pk": 14,
  "fields": {
    "password": "pbkdf2_sha256$870000$JKvBeoNIqepVrX2EH28Z6I$+O/5GAVjrYnpoav35dC6j5KqE/vZzkBdsPTlxmxwLu4=",
    "last_login": null,
    "is_superuser": false,
    "username": "officer4",
    "first_name": "Officer4",
    "last_name": "Officer",
    "email": "officer4@example.com",
    "is_staff": false,
    "is_active": true,
    "date_joined": "2024-01-01T00:00:00Z",
    "groups": [],
    "user_permissions": []
  }
},
{
  "model": "auth.user",
  "pk": 15,
  "fields": {
    "password": "pbkdf2_sha256$870000$NRM8Yf0NQbBVFkHcf2Xzpb$GZmiC0dO4hIfEZryDf7hTUCAz4KHmAJEipP4zQv4GW4=",
    "last_login": null,
    "is_superuser": false,
    "username": "officer5",
    "first_name": "Officer5",
    "last_name": "Officer",
    "email": "officer5@example.com",
    "is_staff": false,
    "is_active": true,
    "date_joined": "2024-01-01T00:00:00Z",
    "groups": [],
    "user_permissions": []
  }
},
{
  "model": "auth.user",
  "pk": 16,
  "fields": {
    "password": "pbkdf2_sha256$870000$lkDj1sOGvoVeWJhjeKI51I$TpeoTxfFon0p5bjVZacASadr/KpFIvwQ3n/MgEzy77Q=",
    "last_login": null,
    "is_superuser": false,
    "username": "officer6",
    "first_name": "Officer6",
    "last_name": "Officer",
    "email": "officer6@example.com",
    "is_staff": false,
    "is_active": true,
    "date_joined": "2024-01-01T00:00:00Z",
    "groups": [],
    "user_permissions": []
  }
},
{
  "model": "auth.user",
  "pk": 17,
  "fields": {
    "password": "pbkdf2_sha256$870000$kWj0VB9PkRQqcJFMMs2QEv$lHHQbzERdTtbgOdcWqqRa21DuqG9S9GdLcCL9A7tapM=",
    "last_login": null,
    "is_superuser": false,
    "username": "officer7",
    "first_name": "Officer7",
    "last_name": "Officer",
    "email": "officer7@example.com",
    "is_staff": false,
    "is_active": true,
    "date_joined": "2024-01-01T00:00:00Z",
    "groups": [],
    "user_permissions": []
  }
},
{
  "model": "auth.user",
  "pk": 18,
  "fields": {
    "password": "pbkdf2_sha256$870000$I0AVF3RGjQ0IP6aYgfQJ9v$cqspzSLstt1Q91yjZdLc+vRvx/wSLI+QZx8KglkTGeU=",
    "last_login": null,
    "is_superuser": false,
    "username": "officer8",
    "first_name": "Officer8",
    "last_name": "Officer",
    "email": "officer8@example.com",
    "is_staff": false,
    "is_active": true,
    "date_joined": "2024-01-01T00:00:00Z",
    "groups": [],
    "user_permissions": []
  }
},
{
  "model": "auth.user",
  "pk": 19,
  "fields": {
    "password": "pbkdf2_sha256$870000$lFGTJV6gk2KhFGeVfc4oCe$Zf9YuUQSDsvY5oU4ieuXVGaWz369SOhbEtueFWA5ZaU=",
    "last_login": null,
    "is_superuser": false,
    "username": "officer9",
    "first_name": "Officer9",
    "last_name": "Officer",
    "email": "officer9@example.com",
    "is_staff": false,
    "is_active": true,
    "date_joined": "2024-01-01T00:00:00Z",
    "groups": [],
    "user_permissions": []
  }
},
{
  "model": "auth.user",
  "pk": 20,
  "fields": {
    "password": "pbkdf2_sha256$870000$8AXIAqieM0PGEUFtVo8P2l$ktVj0h2omJr/VM5a9H/YEFhV25i6nOaZHRIjWLbhGqY=",
    "last_login": null,
    "is_superuser": false,
    "username": "officer10",
    "first_name": "Officer10",
    "last_name": "Officer",
    "email": "officer10@example.com",
    "is_staff": false,
    "is_active": true,
    "date_joined": "2024-01-01T00:00:00Z",
    "groups": [],
    "user_permissions": []
  }
},
{
  "model": "auth.user",
  "pk": 21,
  "fields": {
    "password": "pbkdf2_sha256$870000$4kFhpfehrjKK86grLbBLB7$CLW2+HgSa+S7dcU+SVgL5Ruc1Gdbje7/i5epnBZIXos=",
    "last_login": null,
    "is_superuser": false,
    "username": "officer11",
    "first_name": "Officer11",
    "last_name": "Officer",
    "email": "officer11@example.com",
    "is_staff": false,
    "is_active": true,
    "date_joined": "2024-01-01T00:00:00Z",
    "groups": [],
    "user_permissions": []
  }
},
{
  "model": "auth.user",
  "pk": 22,
  "fields": {
    "password": "pbkdf2_sha256$870000$YW312OZ1cVg7X4d7kJMeEP$Kn+2dc+mhUYGkdB+Ih8eT9quMpWTLDGtrV7fcFiXAxo=",
    "last_login": null,
    "is_superuser": false,
    "username": "officer12",
    "first_name": "Officer12",
    "last_name": "Officer",
    "email": "officer12@example.com",
    "is_staff": false,
    "is_active": true,
    "date_joined": "2024-01-01T00:00:00Z",
    "groups": [],
    "user_permissions": []
  }
},
{
  "model": "auth.user",
  "pk": 23,
  "fields": {
    "password": "pbkdf2_sha256$870000$86j7xlKS8TCJk0jSPKONyC$cysoa0UhtSBJANoE2RRwfHJjXSZbPXgAV9VjAs7YtA0=",
    "last_login": null,
    "is_superuser": false,
    "username": "officer13",
    "first_name": "Officer13",
    "last_name": "Officer",
    "email": "officer13@example.com",
    "is_staff": false,
    "is_active": true,
    "date_joined": "2024-01-01T00:00:00Z",
    "groups": [],
    "user_permissions": []
  }
},
{
  "model": "auth.user",
  "pk": 24,
  "fields": {
    "password": "pbkdf2_sha256$870000$k5oFzcxu8VF9udJjPmCU2X$E2TKI/8racmjEbCOBXOo0JtY6tey38fbwkUpyHBtrok=",
    "last_login": null,
    "is_superuser": false,
    "username": "officer14",
    "first_name": "Officer14",
    "last_name": "Officer",
    "email": "officer14@example.com",
    "is_staff": false,
    "is_active": true,
    "date_joined": "2024-01-01T00:00:00Z",
    "groups": [],
    "user_permissions": []
  }
},
{
  "model": "auth.user",
  "pk": 25,
  "fields": {
    "password": "pbkdf2_sha256$870000$otZQ7nvScEvbrAB2LXVah8$7+LU+HtxiCnt2+mJGy7pDE31nZk3+PMvKOl45N9cpSc=",
    "last_login": null,
    "is_superuser": false,
    "username": "officer15",
    "first_name": "Officer15",
    "last_name": "Officer",
    "email": "officer15@example.com",
    "is_staff": false,
    "is_active": true,
    "date_joined": "2024-01-01T00:00:00Z",
    "groups": [],
    "user_permissions": []
  }
},
{
  "model": "auth.user",
  "pk": 26,
  "fields": {
    "password": "pbkdf2_sha256$870000$8a62SvbfIJFAiph32fBpsm$dkZvv2ooKqnwCiv5uc7xIbv2OjpzyW5iUoa3n9QLTBA=",
    "last_login": "2024-09-28T06:19:00.014Z",
    "is_superuser": true,
    "username": "frosty",
    "first_name": "",
    "last_name": "",
    "email": "",
    "is_staff": true,
    "is_active": true,
    "date_joined": "2024-09-28T06:18:53.125Z",
    "groups": [],
    "user_permissions": []
  }
},
{
  "model": "contenttypes.contenttype",
  "pk": 1,
  "fields": {
    "app_label": "admin",
    "model": "logentry"
  }
},
{
  "model": "contenttypes.contenttype",
  "pk": 2,
  "fields": {
    "app_label": "auth",
    "model": "permission"
  }
},
{
  "model": "contenttypes.contenttype",
  "pk": 3,
  "fields": {
    "app_label": "auth",
    "model": "group"
  }
},
{
  "model": "contenttypes.contenttype",
  "pk": 4,
  "fields": {
    "app_label": "auth",
    "model": "user"
  }
},
{
  "model": "contenttypes.contenttype",
  "pk": 5,
  "fields": {
    "app_label": "contenttypes",
    "model": "contenttype"
  }
},
{
  "model": "contenttypes.contenttype",
  "pk": 6,
  "fields": {
    "app_label": "sessions",
    "model": "session"
  }
},
{
  "model": "contenttypes.contenttype",
  "pk": 7,
  "fields": {
    "app_label": "authentication",
    "model": "userprofile"
  }
},
{
  "model": "contenttypes.contenttype",
  "pk": 8,
  "fields": {
    "app_label": "authentication",
    "model": "supervisor"
  }
},
{
  "model": "contenttypes.contenttype",
  "pk": 9,
  "fields": {
    "app_label": "authentication",
    "model": "officer"
  }
},
{
  "model": "sessions.session",
  "pk": "chkkn559bovh1zqct8ay7q01jfagw673",
  "fields": {
    "session_data": ".eJxVjLsKwzAMAP9FczHxK1gZu_cbgmTJTdoSQ5xMpf9eAhna9e64N4y0b9O4N13HWWAAC5dfxpSfuhxCHrTcq8l12daZzZGY0zZzq6Kv69n-DSZqEwzQx4JkOWJQ7xBzQCu-YKKuKKlLqEVCTKFwZ62KU9-HINYxR0GKHXy-5oA4Dw:1suPqO:pqi3OooQc7uaGmS8wRC_Yt6C1cEwFLAjm_khlmKJSmU",
    "expire_date": "2024-10-12T05:18:12.530Z"
  }
},
{
  "model": "sessions.session",
  "pk": "sze5lrfnd3tck32226884j7ze53sycc5",
  "fields": {
    "session_data": ".eJxVjLsOAiEUBf-F2hDeD0v7_QZyuYCsGkiW3cr474ZkC23PzJw3CXDsNRwjb2FN5Eo8ufxuEfCZ2wTpAe3eKfa2b2ukU6EnHXTpKb9up_t3UGHUWTtEbrwwRntmkkaheHIiSyUtKsU0R-mETrlkL0vkNlpArhlghCKxkM8XzUk4Ag:1suRIB:1YorldFDNODU_g4eKKtvSK-Q30RouyxEXDlXGHvXpHg",
    "expire_date": "2024-10-12T06:50:59.386Z"
  }
},
{
  "model": "authentication.userprofile",
  "pk": 4,
  "fields": {
    "user": 9,
    "phone_no": "9876543210"
  }
},
{
  "model": "authentication.userprofile",
  "pk": 5,
  "fields": {
    "user": 10,
    "phone_no": "8765432109"
  }
},
{
  "model": "authentication.userprofile",
  "pk": 6,
  "fields": {
    "user": 11,
    "phone_no": "9000000001"
  }
},
{
  "model": "authentication.userprofile",
  "pk": 7,
  "fields": {
    "user": 12,
    "phone_no": "9000000002"
  }
},
{
  "model": "authentication.userprofile",
  "pk": 8,
  "fields": {
    "user": 13,
    "phone_no": "9000000003"
  }
},
{
  "model": "authentication.userprofile",
  "pk": 9,
  "fields": {
    "user": 14,
    "phone_no": "9000000004"
  }
},
{
  "model": "authentication.userprofile",
  "pk": 10,
  "fields": {
    "user": 15,
    "phone_no": "9000000005"
  }
},
{
  "model": "authentication.userprofile",
  "pk": 11,
  "fields": {
    "user": 16,
    "phone_no": "9000000006"
  }
},
{
  "model": "authentication.userprofile",
  "pk": 12,
  "fields": {
    "user": 17,
    "phone_no": "9000000007"
  }
},
{
  "model": "authentication.userprofile",
  "pk": 13,
  "fields": {
    "user": 18,
    "phone_no": "9000000008"
  }
},
{
  "model": "authentication.userprofile",
  "pk": 14,
  "fields": {
    "user": 19,
    "phone_no": "9000000009"
  }
},
{
  "model": "authentication.userprofile",
  "pk": 15,
  "fields": {
    "user": 20,
    "phone_no": "90000000010"
  }
},
{
  "model": "authentication.userprofile",
  "pk": 16,
  "fields": {
    "user": 21,
    "phone_no": "90000000011"
  }
},
{
  "model": "authentication.userprofile",
  "pk": 17,
  "fields": {
    "user": 22,
    "phone_no": "90000000012"
  }
},
{
  "model": "authentication.userprofile",
  "pk": 18,
  "fields": {
    "user": 23,
    "phone_no": "90000000013"
  }
},
{
  "model": "authentication.userprofile",
  "pk": 19,
  "fields": {
    "user": 24,
    "phone_no": "90000000014"
  }
},
{
  "model": "authentication.userprofile",
  "pk": 20,
  "fields": {
    "user": 25,
    "phone_no": "90000000015"
  }
},
{
  "model": "authentication.officer",
  "pk": 2,
  "fields": {
    "user_profile": 6,
    "is_on_duty": false,
    "supervisor_no": "9876543210",
    "duty_coord_lat": null,
    "duty_coord_long": null,
    "radius_of_duty": null,
    "duty_time_start": null,
    "duty_time_end": null
  }
},
{
  "model": "authentication.officer",
  "pk": 3,
  "fields": {
    "user_profile": 7,
    "is_on_duty": false,
    "supervisor_no": "8765432109",
    "duty_coord_lat": null,
    "duty_coord_long": null,
    "radius_of_duty": null,
    "duty_time_start": null,
    "duty_time_end": null
  }
},
{
  "model": "authentication.officer",
  "pk": 4,
  "fields": {
    "user_profile": 8,
    "is_on_duty": false,
    "supervisor_no": "8765432109",
    "duty_coord_lat": null,
    "duty_coord_long": null,
    "radius_of_duty": null,
    "duty_time_start": null,
    "duty_time_end": null
  }
},
{
  "model": "authentication.officer",
  "pk": 5,
  "fields": {
    "user_profile": 9,
    "is_on_duty": false,
    "supervisor_no": "8765432109",
    "duty_coord_lat": null,
    "duty_coord_long": null,
    "radius_of_duty": null,
    "duty_time_start": null,
    "duty_time_end": null
  }
},
{
  "model": "authentication.officer",
  "pk": 6,
  "fields": {
    "user_profile": 10,
    "is_on_duty": false,
    "supervisor_no": "8765432109",
    "duty_coord_lat": null,
    "duty_coord_long": null,
    "radius_of_duty": null,
    "duty_time_start": null,
    "duty_time_end": null
  }
},
{
  "model": "authentication.officer",
  "pk": 7,
  "fields": {
    "user_profile": 11,
    "is_on_duty": false,
    "supervisor_no": "9876543210",
    "duty_coord_lat": null,
    "duty_coord_long": null,
    "radius_of_duty": null,
    "duty_time_start": null,
    "duty_time_end": null
  }
},
{
  "model": "authentication.officer",
  "pk": 8,
  "fields": {
    "user_profile": 12,
    "is_on_duty": false,
    "supervisor_no": "9876543210",
    "duty_coord_lat": null,
    "duty_coord_long": null,
    "radius_of_duty": null,
    "duty_time_start": null,
    "duty_time_end": null
  }
},
{
  "model": "authentication.officer",
  "pk": 9,
  "fields": {
    "user_profile": 13,
    "is_on_duty": false,
    "supervisor_no": "8765432109",
    "duty_coord_lat": null,
    "duty_coord_long": null,
    "radius_of_duty": null,
    "duty_time_start": null,
    "duty_time_end": null
  }
},
{
  "model": "authentication.officer",
  "pk": 10,
  "fields": {
    "user_profile": 14,
    "is_on_duty": false,
    "supervisor_no": "9876543210",
    "duty_coord_lat": null,
    "duty_coord_long": null,
    "radius_of_duty": null,
    "duty_time_start": null,
    "duty_time_end": null
  }
},
{
  "model": "authentication.officer",
  "pk": 11,
  "fields": {
    "user_profile": 15,
    "is_on_duty": false,
    "supervisor_no": "8765432109",
    "duty_coord_lat": null,
    "duty_coord_long": null,
    "radius_of_duty": null,
    "duty_time_start": null,
    "duty_time_end": null
  }
},
{
  "model": "authentication.officer",
  "pk": 12,
  "fields": {
    "user_profile": 16,
    "is_on_duty": false,
    "supervisor_no": "8765432109",
    "duty_coord_lat": null,
    "duty_coord_long": null,
    "radius_of_duty": null,
    "duty_time_start": null,
    "duty_time_end": null
  }
},
{
  "model": "authentication.officer",
  "pk": 13,
  "fields": {
    "user_profile": 17,
    "is_on_duty": false,
    "supervisor_no": "9876543210",
    "duty_coord_lat": null,
    "duty_coord_long": null,
    "radius_of_duty": null,
    "duty_time_start": null,
    "duty_time_end": null
  }
},
{
  "model": "authentication.officer",
  "pk": 14,
  "fields": {
    "user_profile": 18,
    "is_on_duty": false,
    "supervisor_no": "8765432109",
    "duty_coord_lat": null,
    "duty_coord_long": null,
    "radius_of_duty": null,
    "duty_time_start": null,
    "duty_time_end": null
  }
},
{
  "model": "authentication.officer",
  "pk": 15,
  "fields": {
    "user_profile": 19,
    "is_on_duty": false,
    "supervisor_no": "9876543210",
    "duty_coord_lat": null,
    "duty_coord_long": null,
    "radius_of_duty": null,
    "duty_time_start": null,
    "duty_time_end": null
  }
},
{
  "model": "authentication.officer",
  "pk": 16,
  "fields": {
    "user_profile": 20,
    "is_on_duty": false,
    "supervisor_no": "9876543210",
    "duty_coord_lat": null,
    "duty_coord_long": null,
    "radius_of_duty": null,
    "duty_time_start": null,
    "duty_time_end": null
  }
},
{
  "model": "authentication.supervisor",
  "pk": 2,
  "fields": {
    "user_profile": 4
  }
},
{
  "model": "authentication.supervisor",
  "pk": 3,
  "fields": {
    "user_profile": 5
  }
}
]
