[
{
  "model": "authentication.officer",
  "pk": 2,
  "fields": {
    "user_profile": 6,
    "is_on_duty": false,
    "supervisor_no": "9876543210",
    "duty_coord_lat": null,
    "duty_coord_long": null,
    "radius_of_duty": null,
    "duty_time_start": null,
    "duty_time_end": null
  }
},
{
  "model": "authentication.officer",
  "pk": 3,
  "fields": {
    "user_profile": 7,
    "is_on_duty": false,
    "supervisor_no": "8765432109",
    "duty_coord_lat": null,
    "duty_coord_long": null,
    "radius_of_duty": null,
    "duty_time_start": null,
    "duty_time_end": null
  }
},
{
  "model": "authentication.officer",
  "pk": 4,
  "fields": {
    "user_profile": 8,
    "is_on_duty": false,
    "supervisor_no": "8765432109",
    "duty_coord_lat": null,
    "duty_coord_long": null,
    "radius_of_duty": null,
    "duty_time_start": null,
    "duty_time_end": null
  }
},
{
  "model": "authentication.officer",
  "pk": 5,
  "fields": {
    "user_profile": 9,
    "is_on_duty": false,
    "supervisor_no": "8765432109",
    "duty_coord_lat": null,
    "duty_coord_long": null,
    "radius_of_duty": null,
    "duty_time_start": null,
    "duty_time_end": null
  }
},
{
  "model": "authentication.officer",
  "pk": 6,
  "fields": {
    "user_profile": 10,
    "is_on_duty": false,
    "supervisor_no": "8765432109",
    "duty_coord_lat": null,
    "duty_coord_long": null,
    "radius_of_duty": null,
    "duty_time_start": null,
    "duty_time_end": null
  }
},
{
  "model": "authentication.officer",
  "pk": 7,
  "fields": {
    "user_profile": 11,
    "is_on_duty": false,
    "supervisor_no": "9876543210",
    "duty_coord_lat": null,
    "duty_coord_long": null,
    "radius_of_duty": null,
    "duty_time_start": null,
    "duty_time_end": null
  }
},
{
  "model": "authentication.officer",
  "pk": 8,
  "fields": {
    "user_profile": 12,
    "is_on_duty": false,
    "supervisor_no": "9876543210",
    "duty_coord_lat": null,
    "duty_coord_long": null,
    "radius_of_duty": null,
    "duty_time_start": null,
    "duty_time_end": null
  }
},
{
  "model": "authentication.officer",
  "pk": 9,
  "fields": {
    "user_profile": 13,
    "is_on_duty": false,
    "supervisor_no": "8765432109",
    "duty_coord_lat": null,
    "duty_coord_long": null,
    "radius_of_duty": null,
    "duty_time_start": null,
    "duty_time_end": null
  }
},
{
  "model": "authentication.officer",
  "pk": 10,
  "fields": {
    "user_profile": 14,
    "is_on_duty": false,
    "supervisor_no": "9876543210",
    "duty_coord_lat": null,
    "duty_coord_long": null,
    "radius_of_duty": null,
    "duty_time_start": null,
    "duty_time_end": null
  }
},
{
  "model": "authentication.officer",
  "pk": 11,
  "fields": {
    "user_profile": 15,
    "is_on_duty": false,
    "supervisor_no": "8765432109",
    "duty_coord_lat": null,
    "duty_coord_long": null,
    "radius_of_duty": null,
    "duty_time_start": null,
    "duty_time_end": null
  }
},
{
  "model": "authentication.officer",
  "pk": 12,
  "fields": {
    "user_profile": 16,
    "is_on_duty": false,
    "supervisor_no": "8765432109",
    "duty_coord_lat": null,
    "duty_coord_long": null,
    "radius_of_duty": null,
    "duty_time_start": null,
    "duty_time_end": null
  }
},
{
  "model": "authentication.officer",
  "pk": 13,
  "fields": {
    "user_profile": 17,
    "is_on_duty": false,
    "supervisor_no": "9876543210",
    "duty_coord_lat": null,
    "duty_coord_long": null,
    "radius_of_duty": null,
    "duty_time_start": null,
    "duty_time_end": null
  }
},
{
  "model": "authentication.officer",
  "pk": 14,
  "fields": {
    "user_profile": 18,
    "is_on_duty": false,
    "supervisor_no": "8765432109",
    "duty_coord_lat": null,
    "duty_coord_long": null,
    "radius_of_duty": null,
    "duty_time_start": null,
    "duty_time_end": null
  }
},
{
  "model": "authentication.officer",
  "pk": 15,
  "fields": {
    "user_profile": 19,
    "is_on_duty": false,
    "supervisor_no": "9876543210",
    "duty_coord_lat": null,
    "duty_coord_long": null,
    "radius_of_duty": null,
    "duty_time_start": null,
    "duty_time_end": null
  }
},
{
  "model": "authentication.officer",
  "pk": 16,
  "fields": {
    "user_profile": 20,
    "is_on_duty": false,
    "supervisor_no": "9876543210",
    "duty_coord_lat": null,
    "duty_coord_long": null,
    "radius_of_duty": null,
    "duty_time_start": null,
    "duty_time_end": null
  }
},
{
  "model": "authentication.supervisor",
  "pk": 2,
  "fields": {
    "user_profile": 4
  }
},
{
  "model": "authentication.supervisor",
  "pk": 3,
  "fields": {
    "user_profile": 5
  }
},
{
  "model": "authentication.userprofile",
  "pk": 4,
  "fields": {
    "user": 9,
    "phone_no": "9876543210"
  }
},
{
  "model": "authentication.userprofile",
  "pk": 5,
  "fields": {
    "user": 10,
    "phone_no": "8765432109"
  }
},
{
  "model": "authentication.userprofile",
  "pk": 6,
  "fields": {
    "user": 11,
    "phone_no": "9000000001"
  }
},
{
  "model": "authentication.userprofile",
  "pk": 7,
  "fields": {
    "user": 12,
    "phone_no": "9000000002"
  }
},
{
  "model": "authentication.userprofile",
  "pk": 8,
  "fields": {
    "user": 13,
    "phone_no": "9000000003"
  }
},
{
  "model": "authentication.userprofile",
  "pk": 9,
  "fields": {
    "user": 14,
    "phone_no": "9000000004"
  }
},
{
  "model": "authentication.userprofile",
  "pk": 10,
  "fields": {
    "user": 15,
    "phone_no": "9000000005"
  }
},
{
  "model": "authentication.userprofile",
  "pk": 11,
  "fields": {
    "user": 16,
    "phone_no": "9000000006"
  }
},
{
  "model": "authentication.userprofile",
  "pk": 12,
  "fields": {
    "user": 17,
    "phone_no": "9000000007"
  }
},
{
  "model": "authentication.userprofile",
  "pk": 13,
  "fields": {
    "user": 18,
    "phone_no": "9000000008"
  }
},
{
  "model": "authentication.userprofile",
  "pk": 14,
  "fields": {
    "user": 19,
    "phone_no": "9000000009"
  }
},
{
  "model": "authentication.userprofile",
  "pk": 15,
  "fields": {
    "user": 20,
    "phone_no": "90000000010"
  }
},
{
  "model": "authentication.userprofile",
  "pk": 16,
  "fields": {
    "user": 21,
    "phone_no": "90000000011"
  }
},
{
  "model": "authentication.userprofile",
  "pk": 17,
  "fields": {
    "user": 22,
    "phone_no": "90000000012"
  }
},
{
  "model": "authentication.userprofile",
  "pk": 18,
  "fields": {
    "user": 23,
    "phone_no": "90000000013"
  }
},
{
  "model": "authentication.userprofile",
  "pk": 19,
  "fields": {
    "user": 24,
    "phone_no": "90000000014"
  }
},
{
  "model": "authentication.userprofile",
  "pk": 20,
  "fields": {
    "user": 25,
    "phone_no": "90000000015"
  }
},
{
  "model": "auth.user",
  "pk": 9,
  "fields": {
    "password": "pbkdf2_sha256$870000$9cHUV9yyA10rnuoNY2EVLF$W3lNbZZZqQOACgY3h73tQYM+l1ham9GlwQBYFUOcgVw=",
    "last_login": "2024-09-28T06:50:59.383Z",
    "is_superuser": false,
    "username": "supervisor1",
    "first_name": "Supervisor1",
    "last_name": "Supervisor",
    "email": "supervisor1@example.com",
    "is_staff": true,
    "is_active": true,
    "date_joined": "2024-01-01T00:00:00Z",
    "groups": [],
    "user_permissions": []
  }
},
{
  "model": "auth.user",
  "pk": 10,
  "fields": {
    "password": "pbkdf2_sha256$870000$qMXZUn52jYT3nDuXr646Ab$riBC9BsGrwYt4rxWejyPnQdfDO5I7AtrILXKqzwnmb4=",
    "last_login": null,
    "is_superuser": false,
    "username": "supervisor2",
    "first_name": "Supervisor2",
    "last_name": "Supervisor",
    "email": "supervisor2@example.com",
    "is_staff": true,
    "is_active": true,
    "date_joined": "2024-01-01T00:00:00Z",
    "groups": [],
    "user_permissions": []
  }
},
{
  "model": "auth.user",
  "pk": 11,
  "fields": {
    "password": "pbkdf2_sha256$870000$ul1cUBjVCmCEVPOHmNmIX6$hH7dyK1DzCjfguM5lUxTU9wWa+cHPS3VINBKR1dDTtY=",
    "last_login": null,
    "is_superuser": false,
    "username": "officer1",
    "first_name": "Officer1",
    "last_name": "Officer",
    "email": "officer1@example.com",
    "is_staff": false,
    "is_active": true,
    "date_joined": "2024-01-01T00:00:00Z",
    "groups": [],
    "user_permissions": []
  }
},
{
  "model": "auth.user",
  "pk": 12,
  "fields": {
    "password": "pbkdf2_sha256$870000$9J4PbVxX2mCDti8hjtcIJX$JSF7RL+7JxMLsmLBg4vNf11JYafauC+7hl7+GNfaGhU=",
    "last_login": null,
    "is_superuser": false,
    "username": "officer2",
    "first_name": "Officer2",
    "last_name": "Officer",
    "email": "officer2@example.com",
    "is_staff": false,
    "is_active": true,
    "date_joined": "2024-01-01T00:00:00Z",
    "groups": [],
    "user_permissions": []
  }
},
{
  "model": "auth.user",
  "pk": 13,
  "fields": {
    "password": "pbkdf2_sha256$870000$AJUb23mmRDv7AsxEf6WgKq$XYNbtOBOIm3FxRYogq/n9sGdgz+n4+YAuhDKvDBPME4=",
    "last_login": null,
    "is_superuser": false,
    "username": "officer3",
    "first_name": "Officer3",
    "last_name": "Officer",
    "email": "officer3@example.com",
    "is_staff": false,
    "is_active": true,
    "date_joined": "2024-01-01T00:00:00Z",
    "groups": [],
    "user_permissions": []
  }
},
{
  "model": "auth.user",
  "pk": 14,
  "fields": {
    "password": "pbkdf2_sha256$870000$JKvBeoNIqepVrX2EH28Z6I$+O/5GAVjrYnpoav35dC6j5KqE/vZzkBdsPTlxmxwLu4=",
    "last_login": null,
    "is_superuser": false,
    "username": "officer4",
    "first_name": "Officer4",
    "last_name": "Officer",
    "email": "officer4@example.com",
    "is_staff": false,
    "is_active": true,
    "date_joined": "2024-01-01T00:00:00Z",
    "groups": [],
    "user_permissions": []
  }
},
{
  "model": "auth.user",
  "pk": 15,
  "fields": {
    "password": "pbkdf2_sha256$870000$NRM8Yf0NQbBVFkHcf2Xzpb$GZmiC0dO4hIfEZryDf7hTUCAz4KHmAJEipP4zQv4GW4=",
    "last_login": null,
    "is_superuser": false,
    "username": "officer5",
    "first_name": "Officer5",
    "last_name": "Officer",
    "email": "officer5@example.com",
    "is_staff": false,
    "is_active": true,
    "date_joined": "2024-01-01T00:00:00Z",
    "groups": [],
    "user_permissions": []
  }
},
{
  "model": "auth.user",
  "pk": 16,
  "fields": {
    "password": "pbkdf2_sha256$870000$lkDj1sOGvoVeWJhjeKI51I$TpeoTxfFon0p5bjVZacASadr/KpFIvwQ3n/MgEzy77Q=",
    "last_login": null,
    "is_superuser": false,
    "username": "officer6",
    "first_name": "Officer6",
    "last_name": "Officer",
    "email": "officer6@example.com",
    "is_staff": false,
    "is_active": true,
    "date_joined": "2024-01-01T00:00:00Z",
    "groups": [],
    "user_permissions": []
  }
},
{
  "model": "auth.user",
  "pk": 17,
  "fields": {
    "password": "pbkdf2_sha256$870000$kWj0VB9PkRQqcJFMMs2QEv$lHHQbzERdTtbgOdcWqqRa21DuqG9S9GdLcCL9A7tapM=",
    "last_login": null,
    "is_superuser": false,
    "username": "officer7",
    "first_name": "Officer7",
    "last_name": "Officer",
    "email": "officer7@example.com",
    "is_staff": false,
    "is_active": true,
    "date_joined": "2024-01-01T00:00:00Z",
    "groups": [],
    "user_permissions": []
  }
},
{
  "model": "auth.user",
  "pk": 18,
  "fields": {
    "password": "pbkdf2_sha256$870000$I0AVF3RGjQ0IP6aYgfQJ9v$cqspzSLstt1Q91yjZdLc+vRvx/wSLI+QZx8KglkTGeU=",
    "last_login": null,
    "is_superuser": false,
    "username": "officer8",
    "first_name": "Officer8",
    "last_name": "Officer",
    "email": "officer8@example.com",
    "is_staff": false,
    "is_active": true,
    "date_joined": "2024-01-01T00:00:00Z",
    "groups": [],
    "user_permissions": []
  }
},
{
  "model": "auth.user",
  "pk": 19,
  "fields": {
    "password": "pbkdf2_sha256$870000$lFGTJV6gk2KhFGeVfc4oCe$Zf9YuUQSDsvY5oU4ieuXVGaWz369SOhbEtueFWA5ZaU=",
    "last_login": null,
    "is_superuser": false,
    "username": "officer9",
    "first_name": "Officer9",
    "last_name": "Officer",
    "email": "officer9@example.com",
    "is_staff": false,
    "is_active": true,
    "date_joined": "2024-01-01T00:00:00Z",
    "groups": [],
    "user_permissions": []
  }
},
{
  "model": "auth.user",
  "pk": 20,
  "fields": {
    "password": "pbkdf2_sha256$870000$8AXIAqieM0PGEUFtVo8P2l$ktVj0h2omJr/VM5a9H/YEFhV25i6nOaZHRIjWLbhGqY=",
    "last_login": null,
    "is_superuser": false,
    "username": "officer10",
    "first_name": "Officer10",
    "last_name": "Officer",
    "email": "officer10@example.com",
    "is_staff": false,
    "is_active": true,
    "date_joined": "2024-01-01T00:00:00Z",
    "groups": [],
    "user_permissions": []
  }
},
{
  "model": "auth.user",
  "pk": 21,
  "fields": {
    "password": "pbkdf2_sha256$870000$4kFhpfehrjKK86grLbBLB7$CLW2+HgSa+S7dcU+SVgL5Ruc1Gdbje7/i5epnBZIXos=",
    "last_login": null,
    "is_superuser": false,
    "username": "officer11",
    "first_name": "Officer11",
    "last_name": "Officer",
    "email": "officer11@example.com",
    "is_staff": false,
    "is_active": true,
    "date_joined": "2024-01-01T00:00:00Z",
    "groups": [],
    "user_permissions": []
  }
},
{
  "model": "auth.user",
  "pk": 22,
  "fields": {
    "password": "pbkdf2_sha256$870000$YW312OZ1cVg7X4d7kJMeEP$Kn+2dc+mhUYGkdB+Ih8eT9quMpWTLDGtrV7fcFiXAxo=",
    "last_login": null,
    "is_superuser": false,
    "username": "officer12",
    "first_name": "Officer12",
    "last_name": "Officer",
    "email": "officer12@example.com",
    "is_staff": false,
    "is_active": true,
    "date_joined": "2024-01-01T00:00:00Z",
    "groups": [],
    "user_permissions": []
  }
},
{
  "model": "auth.user",
  "pk": 23,
  "fields": {
    "password": "pbkdf2_sha256$870000$86j7xlKS8TCJk0jSPKONyC$cysoa0UhtSBJANoE2RRwfHJjXSZbPXgAV9VjAs7YtA0=",
    "last_login": null,
    "is_superuser": false,
    "username": "officer13",
    "first_name": "Officer13",
    "last_name": "Officer",
    "email": "officer13@example.com",
    "is_staff": false,
    "is_active": true,
    "date_joined": "2024-01-01T00:00:00Z",
    "groups": [],
    "user_permissions": []
  }
},
{
  "model": "auth.user",
  "pk": 24,
  "fields": {
    "password": "pbkdf2_sha256$870000$k5oFzcxu8VF9udJjPmCU2X$E2TKI/8racmjEbCOBXOo0JtY6tey38fbwkUpyHBtrok=",
    "last_login": null,
    "is_superuser": false,
    "username": "officer14",
    "first_name": "Officer14",
    "last_name": "Officer",
    "email": "officer14@example.com",
    "is_staff": false,
    "is_active": true,
    "date_joined": "2024-01-01T00:00:00Z",
    "groups": [],
    "user_permissions": []
  }
},
{
  "model": "auth.user",
  "pk": 25,
  "fields": {
    "password": "pbkdf2_sha256$870000$otZQ7nvScEvbrAB2LXVah8$7+LU+HtxiCnt2+mJGy7pDE31nZk3+PMvKOl45N9cpSc=",
    "last_login": null,
    "is_superuser": false,
    "username": "officer15",
    "first_name": "Officer15",
    "last_name": "Officer",
    "email": "officer15@example.com",
    "is_staff": false,
    "is_active": true,
    "date_joined": "2024-01-01T00:00:00Z",
    "groups": [],
    "user_permissions": []
  }
},
{
  "model": "auth.user",
  "pk": 26,
  "fields": {
    "password": "pbkdf2_sha256$870000$8a62SvbfIJFAiph32fBpsm$dkZvv2ooKqnwCiv5uc7xIbv2OjpzyW5iUoa3n9QLTBA=",
    "last_login": "2024-09-28T06:19:00.014Z",
    "is_superuser": true,
    "username": "frosty",
    "first_name": "",
    "last_name": "",
    "email": "",
    "is_staff": true,
    "is_active": true,
    "date_joined": "2024-09-28T06:18:53.125Z",
    "groups": [],
    "user_permissions": []
  }
}
]
